--
-- PostgreSQL database dump
--

-- Dumped from database version 16.1
-- Dumped by pg_dump version 16.1

SET statement_timeout = 0;
SET lock_timeout = 0;
SET idle_in_transaction_session_timeout = 0;
SET client_encoding = 'UTF8';
SET standard_conforming_strings = on;
SELECT pg_catalog.set_config('search_path', '', false);
SET check_function_bodies = false;
SET xmloption = content;
SET client_min_messages = warning;
SET row_security = off;

SET default_tablespace = '';

SET default_table_access_method = heap;

--
-- Name: auth_group; Type: TABLE; Schema: public; Owner: postgres
--

CREATE TABLE public.auth_group (
    id integer NOT NULL,
    name character varying(150) NOT NULL
);


ALTER TABLE public.auth_group OWNER TO postgres;

--
-- Name: auth_group_id_seq; Type: SEQUENCE; Schema: public; Owner: postgres
--

ALTER TABLE public.auth_group ALTER COLUMN id ADD GENERATED BY DEFAULT AS IDENTITY (
    SEQUENCE NAME public.auth_group_id_seq
    START WITH 1
    INCREMENT BY 1
    NO MINVALUE
    NO MAXVALUE
    CACHE 1
);


--
-- Name: auth_group_permissions; Type: TABLE; Schema: public; Owner: postgres
--

CREATE TABLE public.auth_group_permissions (
    id bigint NOT NULL,
    group_id integer NOT NULL,
    permission_id integer NOT NULL
);


ALTER TABLE public.auth_group_permissions OWNER TO postgres;

--
-- Name: auth_group_permissions_id_seq; Type: SEQUENCE; Schema: public; Owner: postgres
--

ALTER TABLE public.auth_group_permissions ALTER COLUMN id ADD GENERATED BY DEFAULT AS IDENTITY (
    SEQUENCE NAME public.auth_group_permissions_id_seq
    START WITH 1
    INCREMENT BY 1
    NO MINVALUE
    NO MAXVALUE
    CACHE 1
);


--
-- Name: auth_permission; Type: TABLE; Schema: public; Owner: postgres
--

CREATE TABLE public.auth_permission (
    id integer NOT NULL,
    name character varying(255) NOT NULL,
    content_type_id integer NOT NULL,
    codename character varying(100) NOT NULL
);


ALTER TABLE public.auth_permission OWNER TO postgres;

--
-- Name: auth_permission_id_seq; Type: SEQUENCE; Schema: public; Owner: postgres
--

ALTER TABLE public.auth_permission ALTER COLUMN id ADD GENERATED BY DEFAULT AS IDENTITY (
    SEQUENCE NAME public.auth_permission_id_seq
    START WITH 1
    INCREMENT BY 1
    NO MINVALUE
    NO MAXVALUE
    CACHE 1
);


--
-- Name: core_employeeprofile; Type: TABLE; Schema: public; Owner: postgres
--

CREATE TABLE public.core_employeeprofile (
    id bigint NOT NULL,
    employer_id bigint,
    user_id bigint NOT NULL
);


ALTER TABLE public.core_employeeprofile OWNER TO postgres;

--
-- Name: core_employeeprofile_id_seq; Type: SEQUENCE; Schema: public; Owner: postgres
--

ALTER TABLE public.core_employeeprofile ALTER COLUMN id ADD GENERATED BY DEFAULT AS IDENTITY (
    SEQUENCE NAME public.core_employeeprofile_id_seq
    START WITH 1
    INCREMENT BY 1
    NO MINVALUE
    NO MAXVALUE
    CACHE 1
);


--
-- Name: core_punchinuser; Type: TABLE; Schema: public; Owner: postgres
--

CREATE TABLE public.core_punchinuser (
    id bigint NOT NULL,
    password character varying(128) NOT NULL,
    last_login timestamp with time zone,
    is_superuser boolean NOT NULL,
    email character varying(254) NOT NULL,
    is_active boolean NOT NULL,
    is_staff boolean NOT NULL,
    is_employer boolean NOT NULL,
    first_name character varying(30),
    last_name character varying(150)
);


ALTER TABLE public.core_punchinuser OWNER TO postgres;

--
-- Name: core_punchinuser_groups; Type: TABLE; Schema: public; Owner: postgres
--

CREATE TABLE public.core_punchinuser_groups (
    id bigint NOT NULL,
    punchinuser_id bigint NOT NULL,
    group_id integer NOT NULL
);


ALTER TABLE public.core_punchinuser_groups OWNER TO postgres;

--
-- Name: core_punchinuser_groups_id_seq; Type: SEQUENCE; Schema: public; Owner: postgres
--

ALTER TABLE public.core_punchinuser_groups ALTER COLUMN id ADD GENERATED BY DEFAULT AS IDENTITY (
    SEQUENCE NAME public.core_punchinuser_groups_id_seq
    START WITH 1
    INCREMENT BY 1
    NO MINVALUE
    NO MAXVALUE
    CACHE 1
);


--
-- Name: core_punchinuser_id_seq; Type: SEQUENCE; Schema: public; Owner: postgres
--

ALTER TABLE public.core_punchinuser ALTER COLUMN id ADD GENERATED BY DEFAULT AS IDENTITY (
    SEQUENCE NAME public.core_punchinuser_id_seq
    START WITH 1
    INCREMENT BY 1
    NO MINVALUE
    NO MAXVALUE
    CACHE 1
);


--
-- Name: core_punchinuser_user_permissions; Type: TABLE; Schema: public; Owner: postgres
--

CREATE TABLE public.core_punchinuser_user_permissions (
    id bigint NOT NULL,
    punchinuser_id bigint NOT NULL,
    permission_id integer NOT NULL
);


ALTER TABLE public.core_punchinuser_user_permissions OWNER TO postgres;

--
-- Name: core_punchinuser_user_permissions_id_seq; Type: SEQUENCE; Schema: public; Owner: postgres
--

ALTER TABLE public.core_punchinuser_user_permissions ALTER COLUMN id ADD GENERATED BY DEFAULT AS IDENTITY (
    SEQUENCE NAME public.core_punchinuser_user_permissions_id_seq
    START WITH 1
    INCREMENT BY 1
    NO MINVALUE
    NO MAXVALUE
    CACHE 1
);


--
-- Name: core_timeentry; Type: TABLE; Schema: public; Owner: postgres
--

CREATE TABLE public.core_timeentry (
    id bigint NOT NULL,
    clock_in timestamp with time zone NOT NULL,
    clock_out timestamp with time zone,
    description text,
    project character varying(200),
    user_id bigint NOT NULL
);


ALTER TABLE public.core_timeentry OWNER TO postgres;

--
-- Name: core_timeentry_id_seq; Type: SEQUENCE; Schema: public; Owner: postgres
--

ALTER TABLE public.core_timeentry ALTER COLUMN id ADD GENERATED BY DEFAULT AS IDENTITY (
    SEQUENCE NAME public.core_timeentry_id_seq
    START WITH 1
    INCREMENT BY 1
    NO MINVALUE
    NO MAXVALUE
    CACHE 1
);


--
-- Name: django_admin_log; Type: TABLE; Schema: public; Owner: postgres
--

CREATE TABLE public.django_admin_log (
    id integer NOT NULL,
    action_time timestamp with time zone NOT NULL,
    object_id text,
    object_repr character varying(200) NOT NULL,
    action_flag smallint NOT NULL,
    change_message text NOT NULL,
    content_type_id integer,
    user_id bigint NOT NULL,
    CONSTRAINT django_admin_log_action_flag_check CHECK ((action_flag >= 0))
);


ALTER TABLE public.django_admin_log OWNER TO postgres;

--
-- Name: django_admin_log_id_seq; Type: SEQUENCE; Schema: public; Owner: postgres
--

ALTER TABLE public.django_admin_log ALTER COLUMN id ADD GENERATED BY DEFAULT AS IDENTITY (
    SEQUENCE NAME public.django_admin_log_id_seq
    START WITH 1
    INCREMENT BY 1
    NO MINVALUE
    NO MAXVALUE
    CACHE 1
);


--
-- Name: django_content_type; Type: TABLE; Schema: public; Owner: postgres
--

CREATE TABLE public.django_content_type (
    id integer NOT NULL,
    app_label character varying(100) NOT NULL,
    model character varying(100) NOT NULL
);


ALTER TABLE public.django_content_type OWNER TO postgres;

--
-- Name: django_content_type_id_seq; Type: SEQUENCE; Schema: public; Owner: postgres
--

ALTER TABLE public.django_content_type ALTER COLUMN id ADD GENERATED BY DEFAULT AS IDENTITY (
    SEQUENCE NAME public.django_content_type_id_seq
    START WITH 1
    INCREMENT BY 1
    NO MINVALUE
    NO MAXVALUE
    CACHE 1
);


--
-- Name: django_migrations; Type: TABLE; Schema: public; Owner: postgres
--

CREATE TABLE public.django_migrations (
    id bigint NOT NULL,
    app character varying(255) NOT NULL,
    name character varying(255) NOT NULL,
    applied timestamp with time zone NOT NULL
);


ALTER TABLE public.django_migrations OWNER TO postgres;

--
-- Name: django_migrations_id_seq; Type: SEQUENCE; Schema: public; Owner: postgres
--

ALTER TABLE public.django_migrations ALTER COLUMN id ADD GENERATED BY DEFAULT AS IDENTITY (
    SEQUENCE NAME public.django_migrations_id_seq
    START WITH 1
    INCREMENT BY 1
    NO MINVALUE
    NO MAXVALUE
    CACHE 1
);


--
-- Name: django_session; Type: TABLE; Schema: public; Owner: postgres
--

CREATE TABLE public.django_session (
    session_key character varying(40) NOT NULL,
    session_data text NOT NULL,
    expire_date timestamp with time zone NOT NULL
);


ALTER TABLE public.django_session OWNER TO postgres;

--
-- Name: employer_employer; Type: TABLE; Schema: public; Owner: postgres
--

CREATE TABLE public.employer_employer (
    id bigint NOT NULL,
    employer_name character varying(255) NOT NULL,
    employer_email_address character varying(254) NOT NULL,
    employer_phone_number character varying(128) NOT NULL,
    employer_ein_number character varying(20),
    employer_id character varying(10) NOT NULL,
    user_id bigint NOT NULL,
    employer_address character varying(255) NOT NULL,
    employer_city character varying(255) NOT NULL,
    employer_state character varying(255) NOT NULL,
    employer_zip_code character varying(10) NOT NULL
);


ALTER TABLE public.employer_employer OWNER TO postgres;

--
-- Name: employer_employer_id_seq; Type: SEQUENCE; Schema: public; Owner: postgres
--

ALTER TABLE public.employer_employer ALTER COLUMN id ADD GENERATED BY DEFAULT AS IDENTITY (
    SEQUENCE NAME public.employer_employer_id_seq
    START WITH 1
    INCREMENT BY 1
    NO MINVALUE
    NO MAXVALUE
    CACHE 1
);


--
-- Name: employer_employerprofile; Type: TABLE; Schema: public; Owner: postgres
--

CREATE TABLE public.employer_employerprofile (
    id bigint NOT NULL,
    user_id bigint NOT NULL
);


ALTER TABLE public.employer_employerprofile OWNER TO postgres;

--
-- Name: employer_employerprofile_id_seq; Type: SEQUENCE; Schema: public; Owner: postgres
--

ALTER TABLE public.employer_employerprofile ALTER COLUMN id ADD GENERATED BY DEFAULT AS IDENTITY (
    SEQUENCE NAME public.employer_employerprofile_id_seq
    START WITH 1
    INCREMENT BY 1
    NO MINVALUE
    NO MAXVALUE
    CACHE 1
);


--
-- Name: employer_invitation; Type: TABLE; Schema: public; Owner: postgres
--

CREATE TABLE public.employer_invitation (
    id bigint NOT NULL,
    email character varying(254) NOT NULL,
    token uuid NOT NULL,
    is_accepted boolean NOT NULL,
    expiration_date timestamp with time zone NOT NULL,
    employer_id bigint NOT NULL
);


ALTER TABLE public.employer_invitation OWNER TO postgres;

--
-- Name: employer_invitation_id_seq; Type: SEQUENCE; Schema: public; Owner: postgres
--

ALTER TABLE public.employer_invitation ALTER COLUMN id ADD GENERATED BY DEFAULT AS IDENTITY (
    SEQUENCE NAME public.employer_invitation_id_seq
    START WITH 1
    INCREMENT BY 1
    NO MINVALUE
    NO MAXVALUE
    CACHE 1
);


--
-- Data for Name: auth_group; Type: TABLE DATA; Schema: public; Owner: postgres
--

COPY public.auth_group (id, name) FROM stdin;
1	admin
\.


--
-- Data for Name: auth_group_permissions; Type: TABLE DATA; Schema: public; Owner: postgres
--

COPY public.auth_group_permissions (id, group_id, permission_id) FROM stdin;
1	1	1
2	1	2
3	1	3
4	1	4
5	1	5
6	1	6
7	1	7
8	1	8
9	1	9
10	1	10
11	1	11
12	1	12
13	1	13
14	1	14
15	1	15
16	1	16
17	1	17
18	1	18
19	1	19
20	1	20
21	1	21
22	1	22
23	1	23
24	1	24
25	1	25
26	1	26
27	1	27
28	1	28
29	1	29
30	1	30
31	1	31
32	1	32
33	1	33
34	1	34
35	1	35
36	1	36
37	1	37
38	1	38
39	1	39
40	1	40
41	1	41
42	1	42
\.


--
-- Data for Name: auth_permission; Type: TABLE DATA; Schema: public; Owner: postgres
--

COPY public.auth_permission (id, name, content_type_id, codename) FROM stdin;
1	Can add log entry	1	add_logentry
2	Can change log entry	1	change_logentry
3	Can delete log entry	1	delete_logentry
4	Can view log entry	1	view_logentry
5	Can add permission	2	add_permission
6	Can change permission	2	change_permission
7	Can delete permission	2	delete_permission
8	Can view permission	2	view_permission
9	Can add group	3	add_group
10	Can change group	3	change_group
11	Can delete group	3	delete_group
12	Can view group	3	view_group
13	Can add content type	4	add_contenttype
14	Can change content type	4	change_contenttype
15	Can delete content type	4	delete_contenttype
16	Can view content type	4	view_contenttype
17	Can add session	5	add_session
18	Can change session	5	change_session
19	Can delete session	5	delete_session
20	Can view session	5	view_session
21	Can add punchin user	6	add_punchinuser
22	Can change punchin user	6	change_punchinuser
23	Can delete punchin user	6	delete_punchinuser
24	Can view punchin user	6	view_punchinuser
25	Can add employee profile	7	add_employeeprofile
26	Can change employee profile	7	change_employeeprofile
27	Can delete employee profile	7	delete_employeeprofile
28	Can view employee profile	7	view_employeeprofile
29	Can add time entry	8	add_timeentry
30	Can change time entry	8	change_timeentry
31	Can delete time entry	8	delete_timeentry
32	Can view time entry	8	view_timeentry
33	Can add employer	9	add_employer
34	Can change employer	9	change_employer
35	Can delete employer	9	delete_employer
36	Can view employer	9	view_employer
37	Can add invitation	10	add_invitation
38	Can change invitation	10	change_invitation
39	Can delete invitation	10	delete_invitation
40	Can view invitation	10	view_invitation
41	Can view employer dashboard	9	can_view_employer_dashboard
42	Can send invitations	9	can_send_invitations
43	Can add employer profile	11	add_employerprofile
44	Can change employer profile	11	change_employerprofile
45	Can delete employer profile	11	delete_employerprofile
46	Can view employer profile	11	view_employerprofile
\.


--
-- Data for Name: core_employeeprofile; Type: TABLE DATA; Schema: public; Owner: postgres
--

COPY public.core_employeeprofile (id, employer_id, user_id) FROM stdin;
1	\N	1
\.


--
-- Data for Name: core_punchinuser; Type: TABLE DATA; Schema: public; Owner: postgres
--

COPY public.core_punchinuser (id, password, last_login, is_superuser, email, is_active, is_staff, is_employer, first_name, last_name) FROM stdin;
1	pbkdf2_sha256$720000$gRuNFpUGLBknH8oQKGtunm$8oAIqNvJrmf7qn76fIPNdBmopRKJDqZWlpEwlk3fsqM=	2023-12-28 17:50:22.880488-05	t	trionxai@gmail.com	t	t	t	\N	\N
13	pbkdf2_sha256$720000$TwxBMdHZDirYgZZNlG5gPC$e2uK3B4zoWQWKL3DiMc4h7NpYNLcMS0kg4m5sJ8gReU=	2023-12-28 17:58:38.331162-05	f	saif.taxpro@outlook.com	t	f	f	Saiful	Bhuiyan
\.


--
-- Data for Name: core_punchinuser_groups; Type: TABLE DATA; Schema: public; Owner: postgres
--

COPY public.core_punchinuser_groups (id, punchinuser_id, group_id) FROM stdin;
1	1	1
\.


--
-- Data for Name: core_punchinuser_user_permissions; Type: TABLE DATA; Schema: public; Owner: postgres
--

COPY public.core_punchinuser_user_permissions (id, punchinuser_id, permission_id) FROM stdin;
1	1	1
2	1	2
3	1	3
4	1	4
5	1	5
6	1	6
7	1	7
8	1	8
9	1	9
10	1	10
11	1	11
12	1	12
13	1	13
14	1	14
15	1	15
16	1	16
17	1	17
18	1	18
19	1	19
20	1	20
21	1	21
22	1	22
23	1	23
24	1	24
25	1	25
26	1	26
27	1	27
28	1	28
29	1	29
30	1	30
31	1	31
32	1	32
33	1	33
34	1	34
35	1	35
36	1	36
37	1	37
38	1	38
39	1	39
40	1	40
41	1	41
42	1	42
43	1	43
44	1	44
45	1	45
46	1	46
\.


--
-- Data for Name: core_timeentry; Type: TABLE DATA; Schema: public; Owner: postgres
--

COPY public.core_timeentry (id, clock_in, clock_out, description, project, user_id) FROM stdin;
\.


--
-- Data for Name: django_admin_log; Type: TABLE DATA; Schema: public; Owner: postgres
--

COPY public.django_admin_log (id, action_time, object_id, object_repr, action_flag, change_message, content_type_id, user_id) FROM stdin;
1	2023-12-22 14:00:27.354863-05	1	Employer object (1)	1	[{"added": {}}]	9	1
2	2023-12-22 14:05:24.853034-05	1	admin	1	[{"added": {}}]	3	1
3	2023-12-22 16:04:21.946971-05	1	Employer object (1)	2	[{"changed": {"fields": ["Employer name"]}}]	9	1
4	2023-12-22 16:06:37.668899-05	2	Employer object (2)	1	[{"added": {}}]	9	1
5	2023-12-22 16:36:48.078141-05	1	admin	2	[{"changed": {"fields": ["Permissions"]}}]	3	1
6	2023-12-22 16:37:13.997435-05	1	trionxai@gmail.com	2	[{"changed": {"fields": ["Groups", "User permissions"]}}]	6	1
7	2023-12-22 16:58:35.161577-05	1	trionxai@gmail.com	2	[]	6	1
8	2023-12-22 17:58:11.779094-05	1	trionxai@gmail.com	2	[{"changed": {"fields": ["Is employer"]}}]	6	1
9	2023-12-22 21:32:56.626452-05	1	trionxai@gmail.com	2	[{"changed": {"fields": ["User permissions"]}}]	6	1
10	2023-12-25 02:12:50.902127-05	2	saif.taxpro@outlook.com	3		6	1
11	2023-12-25 02:14:15.348126-05	3	saif.taxpro@outlook.com	3		6	1
12	2023-12-25 11:56:14.200306-05	4	saif.taxpro@outlook.com	3		6	1
13	2023-12-25 16:29:52.095147-05	5	saif.taxpro@outlook.com	3		6	1
14	2023-12-25 16:30:18.997027-05	6	saif.taxpro@outlook.com	3		6	1
15	2023-12-26 00:15:16.88285-05	7	saif.taxpro@outlook.com	3		6	1
16	2023-12-26 01:15:44.496653-05	10	saif.taxpro@outlook.com	3		6	1
17	2023-12-26 03:03:04.412555-05	12	saif.taxpro@outlook.com	3		6	1
18	2023-12-28 17:51:53.356066-05	2	Employer object (2)	2	[{"changed": {"fields": ["User"]}}]	9	1
\.


--
-- Data for Name: django_content_type; Type: TABLE DATA; Schema: public; Owner: postgres
--

COPY public.django_content_type (id, app_label, model) FROM stdin;
1	admin	logentry
2	auth	permission
3	auth	group
4	contenttypes	contenttype
5	sessions	session
6	core	punchinuser
7	core	employeeprofile
8	core	timeentry
9	employer	employer
10	employer	invitation
11	employer	employerprofile
\.


--
-- Data for Name: django_migrations; Type: TABLE DATA; Schema: public; Owner: postgres
--

COPY public.django_migrations (id, app, name, applied) FROM stdin;
1	core	0001_initial	2023-12-22 13:44:59.104621-05
2	contenttypes	0001_initial	2023-12-22 13:44:59.121619-05
3	admin	0001_initial	2023-12-22 13:44:59.14996-05
4	admin	0002_logentry_remove_auto_add	2023-12-22 13:44:59.156327-05
5	admin	0003_logentry_add_action_flag_choices	2023-12-22 13:44:59.163336-05
6	contenttypes	0002_remove_content_type_name	2023-12-22 13:44:59.173755-05
7	auth	0001_initial	2023-12-22 13:44:59.248978-05
8	auth	0002_alter_permission_name_max_length	2023-12-22 13:44:59.255978-05
9	auth	0003_alter_user_email_max_length	2023-12-22 13:44:59.263163-05
10	auth	0004_alter_user_username_opts	2023-12-22 13:44:59.270165-05
11	auth	0005_alter_user_last_login_null	2023-12-22 13:44:59.276678-05
12	auth	0006_require_contenttypes_0002	2023-12-22 13:44:59.28068-05
13	auth	0007_alter_validators_add_error_messages	2023-12-22 13:44:59.287679-05
14	auth	0008_alter_user_username_max_length	2023-12-22 13:44:59.29386-05
15	auth	0009_alter_user_last_name_max_length	2023-12-22 13:44:59.299861-05
16	auth	0010_alter_group_name_max_length	2023-12-22 13:44:59.311932-05
17	auth	0011_update_proxy_permissions	2023-12-22 13:44:59.318928-05
18	auth	0012_alter_user_first_name_max_length	2023-12-22 13:44:59.32493-05
19	employer	0001_initial	2023-12-22 13:44:59.386556-05
20	core	0002_initial	2023-12-22 13:44:59.472847-05
21	sessions	0001_initial	2023-12-22 13:44:59.494663-05
22	employer	0002_alter_employer_employer_id	2023-12-22 16:03:55.869924-05
23	employer	0003_employer_employer_address_employer_employer_city_and_more	2023-12-22 16:25:59.26329-05
24	employer	0004_alter_employer_options	2023-12-22 16:35:44.240352-05
25	core	0003_punchinuser_is_employer	2023-12-22 17:57:56.568613-05
26	employer	0005_employerprofile	2023-12-22 20:44:00.299889-05
27	core	0004_punchinuser_first_name_punchinuser_last_name	2023-12-26 00:27:06.01384-05
\.


--
-- Data for Name: django_session; Type: TABLE DATA; Schema: public; Owner: postgres
--

COPY public.django_session (session_key, session_data, expire_date) FROM stdin;
g6rw0t0w2suz884ln7ez16so6e1z00an	e30:1rGkdS:Y5iH4T95FL3qpKe8DZ1fazkVUdnBRAtGp_V9OzfEnkg	2024-01-05 13:52:38.77962-05
ra01a0uc14gd4u0bl9te4z57gogmqyoq	e30:1rGnNp:cL5p8d2PomiCb1W_YUcmwRGPk7Xer7xYB9lBcgOGaHU	2024-01-05 16:48:41.783406-05
pnao17san3v0x9kbwc1bem4av726h5va	e30:1rGrrQ:Ya6R_jH24YidHnVH9Z8Pbczv-idkXShGXOwgupqqJiw	2024-01-05 21:35:32.839439-05
7azhyyvwqvacv1scwsmta1quovq2myc2	e30:1rGrrp:20x5eA4Yas7EyXA-65ZrTYPd3RWaP_oGK-S0S8zdOtQ	2024-01-05 21:35:57.256875-05
2gdt534rce91vzvcr5x1sw5zetkk47lo	e30:1rGrsV:V0_-FspOxSIc93wzC-FxYkjs3R16xodlYTlrn4RN_A8	2024-01-05 21:36:39.682136-05
v97bjyuhf59kprrg9wmwiwz3k9thwf0d	e30:1rGs8q:IBZWOtScgCNnFC63lKfq8mG7F4gHj3u2IoNARC4sm3c	2024-01-05 21:53:32.709456-05
fjkc2x0621lgobnnnjiiirr1x3l4x75s	e30:1rGsCa:TDBv7q3f5_-zVhsrt5kLkm_idurP5lK0s3skiLZudbY	2024-01-05 21:57:24.452977-05
ie1rt8okpca4tjaxog91ugkh0f1bv76k	e30:1rGsIr:nuCKb8LqmCEzh88r4EW9KIzlpiiGkWsbW-e_1mlhaPU	2024-01-05 22:03:53.007426-05
s9m8sz0rqabrtwksthnmro9dx6axopfc	.eJxVjDsOwyAQBe9CHSFYMJ-U6X0GxC4QnERYMnYV5e4RkoukfTPz3izEY6_h6HkLS2JXJtnld8NIz9wGSI_Y7iunte3bgnwo_KSdz2vKr9vp_h3U2OuoPVjK3hN6awGsmZyWRaekCDEbD44mFwuAVMIgOqdU8kRCqiI0ZWKfL92AN-E:1rIzCo:wfjeP1O4uRh5IGXW-qaP6qcGmyMTrE-GbK0QnMKRy9Y	2024-01-11 17:50:22.885493-05
68lemabve3p1pweiu8pwehdawhp8ncpv	.eJxVjEsOwjAMRO-SNYrq1mkbluw5Q2THDimgROpnhbg7VOoCNLt5b-ZlAm1rDtuic5jEnA105vRbMsWHlp3Incqt2ljLOk9sd8UedLHXKvq8HO7fQaYl7-veJ1RhjQOytDQCcwR2AwKp6wRQmLFpUWlokh_JA7k-jvxNQsfm_QE6Wjkc:1rIzHV:U1KOfCbxGgeMUQzi0SqyTxsmUtui6cL1uK1VdzmWPHY	2024-01-11 17:55:13.41844-05
cvppa687p7x5hwgqgqufblw72hjsrgyc	.eJxVjEsOwjAMRO-SNYrq1mkbluw5Q2THDimgROpnhbg7VOoCNLt5b-ZlAm1rDtuic5jEnA105vRbMsWHlp3Incqt2ljLOk9sd8UedLHXKvq8HO7fQaYl7-veJ1RhjQOytDQCcwR2AwKp6wRQmLFpUWlokh_JA7k-jvxNQsfm_QE6Wjkc:1rIzKo:J1Mcq1rgR218VoHxJyI55z2fuknJInHk8UaE05SaKZI	2024-01-11 17:58:38.33517-05
\.


--
-- Data for Name: employer_employer; Type: TABLE DATA; Schema: public; Owner: postgres
--

COPY public.employer_employer (id, employer_name, employer_email_address, employer_phone_number, employer_ein_number, employer_id, user_id, employer_address, employer_city, employer_state, employer_zip_code) FROM stdin;
1	TRIONXAI INC	trionxai@gmail.com	+16465085790	\N	1526386732	1				
2	STRITS TAX	taxhelp@stritstax.com	+19294910125	\N	1657324752	13				
\.


--
-- Data for Name: employer_employerprofile; Type: TABLE DATA; Schema: public; Owner: postgres
--

COPY public.employer_employerprofile (id, user_id) FROM stdin;
\.


--
-- Data for Name: employer_invitation; Type: TABLE DATA; Schema: public; Owner: postgres
--

COPY public.employer_invitation (id, email, token, is_accepted, expiration_date, employer_id) FROM stdin;
\.


--
-- Name: auth_group_id_seq; Type: SEQUENCE SET; Schema: public; Owner: postgres
--

SELECT pg_catalog.setval('public.auth_group_id_seq', 1, true);


--
-- Name: auth_group_permissions_id_seq; Type: SEQUENCE SET; Schema: public; Owner: postgres
--

SELECT pg_catalog.setval('public.auth_group_permissions_id_seq', 42, true);


--
-- Name: auth_permission_id_seq; Type: SEQUENCE SET; Schema: public; Owner: postgres
--

SELECT pg_catalog.setval('public.auth_permission_id_seq', 46, true);


--
-- Name: core_employeeprofile_id_seq; Type: SEQUENCE SET; Schema: public; Owner: postgres
--

SELECT pg_catalog.setval('public.core_employeeprofile_id_seq', 2, true);


--
-- Name: core_punchinuser_groups_id_seq; Type: SEQUENCE SET; Schema: public; Owner: postgres
--

SELECT pg_catalog.setval('public.core_punchinuser_groups_id_seq', 1, true);


--
-- Name: core_punchinuser_id_seq; Type: SEQUENCE SET; Schema: public; Owner: postgres
--

SELECT pg_catalog.setval('public.core_punchinuser_id_seq', 13, true);


--
-- Name: core_punchinuser_user_permissions_id_seq; Type: SEQUENCE SET; Schema: public; Owner: postgres
--

SELECT pg_catalog.setval('public.core_punchinuser_user_permissions_id_seq', 46, true);


--
-- Name: core_timeentry_id_seq; Type: SEQUENCE SET; Schema: public; Owner: postgres
--

SELECT pg_catalog.setval('public.core_timeentry_id_seq', 1, false);


--
-- Name: django_admin_log_id_seq; Type: SEQUENCE SET; Schema: public; Owner: postgres
--

SELECT pg_catalog.setval('public.django_admin_log_id_seq', 18, true);


--
-- Name: django_content_type_id_seq; Type: SEQUENCE SET; Schema: public; Owner: postgres
--

SELECT pg_catalog.setval('public.django_content_type_id_seq', 11, true);


--
-- Name: django_migrations_id_seq; Type: SEQUENCE SET; Schema: public; Owner: postgres
--

SELECT pg_catalog.setval('public.django_migrations_id_seq', 27, true);


--
-- Name: employer_employer_id_seq; Type: SEQUENCE SET; Schema: public; Owner: postgres
--

SELECT pg_catalog.setval('public.employer_employer_id_seq', 2, true);


--
-- Name: employer_employerprofile_id_seq; Type: SEQUENCE SET; Schema: public; Owner: postgres
--

SELECT pg_catalog.setval('public.employer_employerprofile_id_seq', 1, false);


--
-- Name: employer_invitation_id_seq; Type: SEQUENCE SET; Schema: public; Owner: postgres
--

SELECT pg_catalog.setval('public.employer_invitation_id_seq', 1, false);


--
-- Name: auth_group auth_group_name_key; Type: CONSTRAINT; Schema: public; Owner: postgres
--

ALTER TABLE ONLY public.auth_group
    ADD CONSTRAINT auth_group_name_key UNIQUE (name);


--
-- Name: auth_group_permissions auth_group_permissions_group_id_permission_id_0cd325b0_uniq; Type: CONSTRAINT; Schema: public; Owner: postgres
--

ALTER TABLE ONLY public.auth_group_permissions
    ADD CONSTRAINT auth_group_permissions_group_id_permission_id_0cd325b0_uniq UNIQUE (group_id, permission_id);


--
-- Name: auth_group_permissions auth_group_permissions_pkey; Type: CONSTRAINT; Schema: public; Owner: postgres
--

ALTER TABLE ONLY public.auth_group_permissions
    ADD CONSTRAINT auth_group_permissions_pkey PRIMARY KEY (id);


--
-- Name: auth_group auth_group_pkey; Type: CONSTRAINT; Schema: public; Owner: postgres
--

ALTER TABLE ONLY public.auth_group
    ADD CONSTRAINT auth_group_pkey PRIMARY KEY (id);


--
-- Name: auth_permission auth_permission_content_type_id_codename_01ab375a_uniq; Type: CONSTRAINT; Schema: public; Owner: postgres
--

ALTER TABLE ONLY public.auth_permission
    ADD CONSTRAINT auth_permission_content_type_id_codename_01ab375a_uniq UNIQUE (content_type_id, codename);


--
-- Name: auth_permission auth_permission_pkey; Type: CONSTRAINT; Schema: public; Owner: postgres
--

ALTER TABLE ONLY public.auth_permission
    ADD CONSTRAINT auth_permission_pkey PRIMARY KEY (id);


--
-- Name: core_employeeprofile core_employeeprofile_pkey; Type: CONSTRAINT; Schema: public; Owner: postgres
--

ALTER TABLE ONLY public.core_employeeprofile
    ADD CONSTRAINT core_employeeprofile_pkey PRIMARY KEY (id);


--
-- Name: core_employeeprofile core_employeeprofile_user_id_key; Type: CONSTRAINT; Schema: public; Owner: postgres
--

ALTER TABLE ONLY public.core_employeeprofile
    ADD CONSTRAINT core_employeeprofile_user_id_key UNIQUE (user_id);


--
-- Name: core_punchinuser core_punchinuser_email_key; Type: CONSTRAINT; Schema: public; Owner: postgres
--

ALTER TABLE ONLY public.core_punchinuser
    ADD CONSTRAINT core_punchinuser_email_key UNIQUE (email);


--
-- Name: core_punchinuser_groups core_punchinuser_groups_pkey; Type: CONSTRAINT; Schema: public; Owner: postgres
--

ALTER TABLE ONLY public.core_punchinuser_groups
    ADD CONSTRAINT core_punchinuser_groups_pkey PRIMARY KEY (id);


--
-- Name: core_punchinuser_groups core_punchinuser_groups_punchinuser_id_group_id_44f70eee_uniq; Type: CONSTRAINT; Schema: public; Owner: postgres
--

ALTER TABLE ONLY public.core_punchinuser_groups
    ADD CONSTRAINT core_punchinuser_groups_punchinuser_id_group_id_44f70eee_uniq UNIQUE (punchinuser_id, group_id);


--
-- Name: core_punchinuser core_punchinuser_pkey; Type: CONSTRAINT; Schema: public; Owner: postgres
--

ALTER TABLE ONLY public.core_punchinuser
    ADD CONSTRAINT core_punchinuser_pkey PRIMARY KEY (id);


--
-- Name: core_punchinuser_user_permissions core_punchinuser_user_pe_punchinuser_id_permissio_7897b7b6_uniq; Type: CONSTRAINT; Schema: public; Owner: postgres
--

ALTER TABLE ONLY public.core_punchinuser_user_permissions
    ADD CONSTRAINT core_punchinuser_user_pe_punchinuser_id_permissio_7897b7b6_uniq UNIQUE (punchinuser_id, permission_id);


--
-- Name: core_punchinuser_user_permissions core_punchinuser_user_permissions_pkey; Type: CONSTRAINT; Schema: public; Owner: postgres
--

ALTER TABLE ONLY public.core_punchinuser_user_permissions
    ADD CONSTRAINT core_punchinuser_user_permissions_pkey PRIMARY KEY (id);


--
-- Name: core_timeentry core_timeentry_pkey; Type: CONSTRAINT; Schema: public; Owner: postgres
--

ALTER TABLE ONLY public.core_timeentry
    ADD CONSTRAINT core_timeentry_pkey PRIMARY KEY (id);


--
-- Name: django_admin_log django_admin_log_pkey; Type: CONSTRAINT; Schema: public; Owner: postgres
--

ALTER TABLE ONLY public.django_admin_log
    ADD CONSTRAINT django_admin_log_pkey PRIMARY KEY (id);


--
-- Name: django_content_type django_content_type_app_label_model_76bd3d3b_uniq; Type: CONSTRAINT; Schema: public; Owner: postgres
--

ALTER TABLE ONLY public.django_content_type
    ADD CONSTRAINT django_content_type_app_label_model_76bd3d3b_uniq UNIQUE (app_label, model);


--
-- Name: django_content_type django_content_type_pkey; Type: CONSTRAINT; Schema: public; Owner: postgres
--

ALTER TABLE ONLY public.django_content_type
    ADD CONSTRAINT django_content_type_pkey PRIMARY KEY (id);


--
-- Name: django_migrations django_migrations_pkey; Type: CONSTRAINT; Schema: public; Owner: postgres
--

ALTER TABLE ONLY public.django_migrations
    ADD CONSTRAINT django_migrations_pkey PRIMARY KEY (id);


--
-- Name: django_session django_session_pkey; Type: CONSTRAINT; Schema: public; Owner: postgres
--

ALTER TABLE ONLY public.django_session
    ADD CONSTRAINT django_session_pkey PRIMARY KEY (session_key);


--
-- Name: employer_employer employer_employer_employer_email_address_key; Type: CONSTRAINT; Schema: public; Owner: postgres
--

ALTER TABLE ONLY public.employer_employer
    ADD CONSTRAINT employer_employer_employer_email_address_key UNIQUE (employer_email_address);


--
-- Name: employer_employer employer_employer_employer_id_key; Type: CONSTRAINT; Schema: public; Owner: postgres
--

ALTER TABLE ONLY public.employer_employer
    ADD CONSTRAINT employer_employer_employer_id_key UNIQUE (employer_id);


--
-- Name: employer_employer employer_employer_employer_phone_number_key; Type: CONSTRAINT; Schema: public; Owner: postgres
--

ALTER TABLE ONLY public.employer_employer
    ADD CONSTRAINT employer_employer_employer_phone_number_key UNIQUE (employer_phone_number);


--
-- Name: employer_employer employer_employer_pkey; Type: CONSTRAINT; Schema: public; Owner: postgres
--

ALTER TABLE ONLY public.employer_employer
    ADD CONSTRAINT employer_employer_pkey PRIMARY KEY (id);


--
-- Name: employer_employerprofile employer_employerprofile_pkey; Type: CONSTRAINT; Schema: public; Owner: postgres
--

ALTER TABLE ONLY public.employer_employerprofile
    ADD CONSTRAINT employer_employerprofile_pkey PRIMARY KEY (id);


--
-- Name: employer_employerprofile employer_employerprofile_user_id_key; Type: CONSTRAINT; Schema: public; Owner: postgres
--

ALTER TABLE ONLY public.employer_employerprofile
    ADD CONSTRAINT employer_employerprofile_user_id_key UNIQUE (user_id);


--
-- Name: employer_invitation employer_invitation_pkey; Type: CONSTRAINT; Schema: public; Owner: postgres
--

ALTER TABLE ONLY public.employer_invitation
    ADD CONSTRAINT employer_invitation_pkey PRIMARY KEY (id);


--
-- Name: auth_group_name_a6ea08ec_like; Type: INDEX; Schema: public; Owner: postgres
--

CREATE INDEX auth_group_name_a6ea08ec_like ON public.auth_group USING btree (name varchar_pattern_ops);


--
-- Name: auth_group_permissions_group_id_b120cbf9; Type: INDEX; Schema: public; Owner: postgres
--

CREATE INDEX auth_group_permissions_group_id_b120cbf9 ON public.auth_group_permissions USING btree (group_id);


--
-- Name: auth_group_permissions_permission_id_84c5c92e; Type: INDEX; Schema: public; Owner: postgres
--

CREATE INDEX auth_group_permissions_permission_id_84c5c92e ON public.auth_group_permissions USING btree (permission_id);


--
-- Name: auth_permission_content_type_id_2f476e4b; Type: INDEX; Schema: public; Owner: postgres
--

CREATE INDEX auth_permission_content_type_id_2f476e4b ON public.auth_permission USING btree (content_type_id);


--
-- Name: core_employeeprofile_employer_id_8bd34657; Type: INDEX; Schema: public; Owner: postgres
--

CREATE INDEX core_employeeprofile_employer_id_8bd34657 ON public.core_employeeprofile USING btree (employer_id);


--
-- Name: core_punchinuser_email_9e8986bc_like; Type: INDEX; Schema: public; Owner: postgres
--

CREATE INDEX core_punchinuser_email_9e8986bc_like ON public.core_punchinuser USING btree (email varchar_pattern_ops);


--
-- Name: core_punchinuser_groups_group_id_64317977; Type: INDEX; Schema: public; Owner: postgres
--

CREATE INDEX core_punchinuser_groups_group_id_64317977 ON public.core_punchinuser_groups USING btree (group_id);


--
-- Name: core_punchinuser_groups_punchinuser_id_c5e4e29a; Type: INDEX; Schema: public; Owner: postgres
--

CREATE INDEX core_punchinuser_groups_punchinuser_id_c5e4e29a ON public.core_punchinuser_groups USING btree (punchinuser_id);


--
-- Name: core_punchinuser_user_permissions_permission_id_769d885e; Type: INDEX; Schema: public; Owner: postgres
--

CREATE INDEX core_punchinuser_user_permissions_permission_id_769d885e ON public.core_punchinuser_user_permissions USING btree (permission_id);


--
-- Name: core_punchinuser_user_permissions_punchinuser_id_00aa1004; Type: INDEX; Schema: public; Owner: postgres
--

CREATE INDEX core_punchinuser_user_permissions_punchinuser_id_00aa1004 ON public.core_punchinuser_user_permissions USING btree (punchinuser_id);


--
-- Name: core_timeentry_user_id_f1365936; Type: INDEX; Schema: public; Owner: postgres
--

CREATE INDEX core_timeentry_user_id_f1365936 ON public.core_timeentry USING btree (user_id);


--
-- Name: django_admin_log_content_type_id_c4bce8eb; Type: INDEX; Schema: public; Owner: postgres
--

CREATE INDEX django_admin_log_content_type_id_c4bce8eb ON public.django_admin_log USING btree (content_type_id);


--
-- Name: django_admin_log_user_id_c564eba6; Type: INDEX; Schema: public; Owner: postgres
--

CREATE INDEX django_admin_log_user_id_c564eba6 ON public.django_admin_log USING btree (user_id);


--
-- Name: django_session_expire_date_a5c62663; Type: INDEX; Schema: public; Owner: postgres
--

CREATE INDEX django_session_expire_date_a5c62663 ON public.django_session USING btree (expire_date);


--
-- Name: django_session_session_key_c0390e0f_like; Type: INDEX; Schema: public; Owner: postgres
--

CREATE INDEX django_session_session_key_c0390e0f_like ON public.django_session USING btree (session_key varchar_pattern_ops);


--
-- Name: employer_employer_employer_email_address_7d4cadbb_like; Type: INDEX; Schema: public; Owner: postgres
--

CREATE INDEX employer_employer_employer_email_address_7d4cadbb_like ON public.employer_employer USING btree (employer_email_address varchar_pattern_ops);


--
-- Name: employer_employer_employer_id_ee8ff370_like; Type: INDEX; Schema: public; Owner: postgres
--

CREATE INDEX employer_employer_employer_id_ee8ff370_like ON public.employer_employer USING btree (employer_id varchar_pattern_ops);


--
-- Name: employer_employer_employer_phone_number_5825802b_like; Type: INDEX; Schema: public; Owner: postgres
--

CREATE INDEX employer_employer_employer_phone_number_5825802b_like ON public.employer_employer USING btree (employer_phone_number varchar_pattern_ops);


--
-- Name: employer_employer_user_id_33293a8d; Type: INDEX; Schema: public; Owner: postgres
--

CREATE INDEX employer_employer_user_id_33293a8d ON public.employer_employer USING btree (user_id);


--
-- Name: employer_invitation_employer_id_d1a76cb4; Type: INDEX; Schema: public; Owner: postgres
--

CREATE INDEX employer_invitation_employer_id_d1a76cb4 ON public.employer_invitation USING btree (employer_id);


--
-- Name: auth_group_permissions auth_group_permissio_permission_id_84c5c92e_fk_auth_perm; Type: FK CONSTRAINT; Schema: public; Owner: postgres
--

ALTER TABLE ONLY public.auth_group_permissions
    ADD CONSTRAINT auth_group_permissio_permission_id_84c5c92e_fk_auth_perm FOREIGN KEY (permission_id) REFERENCES public.auth_permission(id) DEFERRABLE INITIALLY DEFERRED;


--
-- Name: auth_group_permissions auth_group_permissions_group_id_b120cbf9_fk_auth_group_id; Type: FK CONSTRAINT; Schema: public; Owner: postgres
--

ALTER TABLE ONLY public.auth_group_permissions
    ADD CONSTRAINT auth_group_permissions_group_id_b120cbf9_fk_auth_group_id FOREIGN KEY (group_id) REFERENCES public.auth_group(id) DEFERRABLE INITIALLY DEFERRED;


--
-- Name: auth_permission auth_permission_content_type_id_2f476e4b_fk_django_co; Type: FK CONSTRAINT; Schema: public; Owner: postgres
--

ALTER TABLE ONLY public.auth_permission
    ADD CONSTRAINT auth_permission_content_type_id_2f476e4b_fk_django_co FOREIGN KEY (content_type_id) REFERENCES public.django_content_type(id) DEFERRABLE INITIALLY DEFERRED;


--
-- Name: core_employeeprofile core_employeeprofile_employer_id_8bd34657_fk_employer_; Type: FK CONSTRAINT; Schema: public; Owner: postgres
--

ALTER TABLE ONLY public.core_employeeprofile
    ADD CONSTRAINT core_employeeprofile_employer_id_8bd34657_fk_employer_ FOREIGN KEY (employer_id) REFERENCES public.employer_employer(id) DEFERRABLE INITIALLY DEFERRED;


--
-- Name: core_employeeprofile core_employeeprofile_user_id_64abf4fb_fk_core_punchinuser_id; Type: FK CONSTRAINT; Schema: public; Owner: postgres
--

ALTER TABLE ONLY public.core_employeeprofile
    ADD CONSTRAINT core_employeeprofile_user_id_64abf4fb_fk_core_punchinuser_id FOREIGN KEY (user_id) REFERENCES public.core_punchinuser(id) DEFERRABLE INITIALLY DEFERRED;


--
-- Name: core_punchinuser_groups core_punchinuser_gro_punchinuser_id_c5e4e29a_fk_core_punc; Type: FK CONSTRAINT; Schema: public; Owner: postgres
--

ALTER TABLE ONLY public.core_punchinuser_groups
    ADD CONSTRAINT core_punchinuser_gro_punchinuser_id_c5e4e29a_fk_core_punc FOREIGN KEY (punchinuser_id) REFERENCES public.core_punchinuser(id) DEFERRABLE INITIALLY DEFERRED;


--
-- Name: core_punchinuser_groups core_punchinuser_groups_group_id_64317977_fk_auth_group_id; Type: FK CONSTRAINT; Schema: public; Owner: postgres
--

ALTER TABLE ONLY public.core_punchinuser_groups
    ADD CONSTRAINT core_punchinuser_groups_group_id_64317977_fk_auth_group_id FOREIGN KEY (group_id) REFERENCES public.auth_group(id) DEFERRABLE INITIALLY DEFERRED;


--
-- Name: core_punchinuser_user_permissions core_punchinuser_use_permission_id_769d885e_fk_auth_perm; Type: FK CONSTRAINT; Schema: public; Owner: postgres
--

ALTER TABLE ONLY public.core_punchinuser_user_permissions
    ADD CONSTRAINT core_punchinuser_use_permission_id_769d885e_fk_auth_perm FOREIGN KEY (permission_id) REFERENCES public.auth_permission(id) DEFERRABLE INITIALLY DEFERRED;


--
-- Name: core_punchinuser_user_permissions core_punchinuser_use_punchinuser_id_00aa1004_fk_core_punc; Type: FK CONSTRAINT; Schema: public; Owner: postgres
--

ALTER TABLE ONLY public.core_punchinuser_user_permissions
    ADD CONSTRAINT core_punchinuser_use_punchinuser_id_00aa1004_fk_core_punc FOREIGN KEY (punchinuser_id) REFERENCES public.core_punchinuser(id) DEFERRABLE INITIALLY DEFERRED;


--
-- Name: core_timeentry core_timeentry_user_id_f1365936_fk_core_punchinuser_id; Type: FK CONSTRAINT; Schema: public; Owner: postgres
--

ALTER TABLE ONLY public.core_timeentry
    ADD CONSTRAINT core_timeentry_user_id_f1365936_fk_core_punchinuser_id FOREIGN KEY (user_id) REFERENCES public.core_punchinuser(id) DEFERRABLE INITIALLY DEFERRED;


--
-- Name: django_admin_log django_admin_log_content_type_id_c4bce8eb_fk_django_co; Type: FK CONSTRAINT; Schema: public; Owner: postgres
--

ALTER TABLE ONLY public.django_admin_log
    ADD CONSTRAINT django_admin_log_content_type_id_c4bce8eb_fk_django_co FOREIGN KEY (content_type_id) REFERENCES public.django_content_type(id) DEFERRABLE INITIALLY DEFERRED;


--
-- Name: django_admin_log django_admin_log_user_id_c564eba6_fk_core_punchinuser_id; Type: FK CONSTRAINT; Schema: public; Owner: postgres
--

ALTER TABLE ONLY public.django_admin_log
    ADD CONSTRAINT django_admin_log_user_id_c564eba6_fk_core_punchinuser_id FOREIGN KEY (user_id) REFERENCES public.core_punchinuser(id) DEFERRABLE INITIALLY DEFERRED;


--
-- Name: employer_employer employer_employer_user_id_33293a8d_fk_core_punchinuser_id; Type: FK CONSTRAINT; Schema: public; Owner: postgres
--

ALTER TABLE ONLY public.employer_employer
    ADD CONSTRAINT employer_employer_user_id_33293a8d_fk_core_punchinuser_id FOREIGN KEY (user_id) REFERENCES public.core_punchinuser(id) DEFERRABLE INITIALLY DEFERRED;


--
-- Name: employer_employerprofile employer_employerpro_user_id_6f5ca025_fk_core_punc; Type: FK CONSTRAINT; Schema: public; Owner: postgres
--

ALTER TABLE ONLY public.employer_employerprofile
    ADD CONSTRAINT employer_employerpro_user_id_6f5ca025_fk_core_punc FOREIGN KEY (user_id) REFERENCES public.core_punchinuser(id) DEFERRABLE INITIALLY DEFERRED;


--
-- Name: employer_invitation employer_invitation_employer_id_d1a76cb4_fk_employer_; Type: FK CONSTRAINT; Schema: public; Owner: postgres
--

ALTER TABLE ONLY public.employer_invitation
    ADD CONSTRAINT employer_invitation_employer_id_d1a76cb4_fk_employer_ FOREIGN KEY (employer_id) REFERENCES public.employer_employer(id) DEFERRABLE INITIALLY DEFERRED;


--
-- PostgreSQL database dump complete
--

